filename,object_location,image_small,image_thumb
p-2-01.pdf,/objects/p-2-01.pdf,/objects/small/p-2-01_sm.jpg,/objects/thumbs/p-2-01_th.jpg
p-2-02.pdf,/objects/p-2-02.pdf,/objects/small/p-2-02_sm.jpg,/objects/thumbs/p-2-02_th.jpg
p-2-03.pdf,/objects/p-2-03.pdf,/objects/small/p-2-03_sm.jpg,/objects/thumbs/p-2-03_th.jpg
p-2-04.pdf,/objects/p-2-04.pdf,/objects/small/p-2-04_sm.jpg,/objects/thumbs/p-2-04_th.jpg
p-2-05.pdf,/objects/p-2-05.pdf,/objects/small/p-2-05_sm.jpg,/objects/thumbs/p-2-05_th.jpg
p-2-06.pdf,/objects/p-2-06.pdf,/objects/small/p-2-06_sm.jpg,/objects/thumbs/p-2-06_th.jpg
p-2-07.pdf,/objects/p-2-07.pdf,/objects/small/p-2-07_sm.jpg,/objects/thumbs/p-2-07_th.jpg
p-2-08.pdf,/objects/p-2-08.pdf,/objects/small/p-2-08_sm.jpg,/objects/thumbs/p-2-08_th.jpg
p-2-09.pdf,/objects/p-2-09.pdf,/objects/small/p-2-09_sm.jpg,/objects/thumbs/p-2-09_th.jpg
p-2-10.pdf,/objects/p-2-10.pdf,/objects/small/p-2-10_sm.jpg,/objects/thumbs/p-2-10_th.jpg
p-2-11.pdf,/objects/p-2-11.pdf,/objects/small/p-2-11_sm.jpg,/objects/thumbs/p-2-11_th.jpg
p-2-12.pdf,/objects/p-2-12.pdf,/objects/small/p-2-12_sm.jpg,/objects/thumbs/p-2-12_th.jpg
p-2-13.pdf,/objects/p-2-13.pdf,/objects/small/p-2-13_sm.jpg,/objects/thumbs/p-2-13_th.jpg
p-2-14.pdf,/objects/p-2-14.pdf,/objects/small/p-2-14_sm.jpg,/objects/thumbs/p-2-14_th.jpg
p-2-15.pdf,/objects/p-2-15.pdf,/objects/small/p-2-15_sm.jpg,/objects/thumbs/p-2-15_th.jpg
p-2-16.pdf,/objects/p-2-16.pdf,/objects/small/p-2-16_sm.jpg,/objects/thumbs/p-2-16_th.jpg
p-2-17.pdf,/objects/p-2-17.pdf,/objects/small/p-2-17_sm.jpg,/objects/thumbs/p-2-17_th.jpg
p-2-18.pdf,/objects/p-2-18.pdf,/objects/small/p-2-18_sm.jpg,/objects/thumbs/p-2-18_th.jpg
p-2-19.pdf,/objects/p-2-19.pdf,/objects/small/p-2-19_sm.jpg,/objects/thumbs/p-2-19_th.jpg
p-2-20.pdf,/objects/p-2-20.pdf,/objects/small/p-2-20_sm.jpg,/objects/thumbs/p-2-20_th.jpg
p-2-21.pdf,/objects/p-2-21.pdf,/objects/small/p-2-21_sm.jpg,/objects/thumbs/p-2-21_th.jpg
p-2-22.pdf,/objects/p-2-22.pdf,/objects/small/p-2-22_sm.jpg,/objects/thumbs/p-2-22_th.jpg
p-2-23.pdf,/objects/p-2-23.pdf,/objects/small/p-2-23_sm.jpg,/objects/thumbs/p-2-23_th.jpg
p-2-24.pdf,/objects/p-2-24.pdf,/objects/small/p-2-24_sm.jpg,/objects/thumbs/p-2-24_th.jpg
p-2-25.pdf,/objects/p-2-25.pdf,/objects/small/p-2-25_sm.jpg,/objects/thumbs/p-2-25_th.jpg
p-2-26.pdf,/objects/p-2-26.pdf,/objects/small/p-2-26_sm.jpg,/objects/thumbs/p-2-26_th.jpg
p-2-27.pdf,/objects/p-2-27.pdf,/objects/small/p-2-27_sm.jpg,/objects/thumbs/p-2-27_th.jpg
p-2-28.pdf,/objects/p-2-28.pdf,/objects/small/p-2-28_sm.jpg,/objects/thumbs/p-2-28_th.jpg
p-2-29.pdf,/objects/p-2-29.pdf,/objects/small/p-2-29_sm.jpg,/objects/thumbs/p-2-29_th.jpg
p-2-30.pdf,/objects/p-2-30.pdf,/objects/small/p-2-30_sm.jpg,/objects/thumbs/p-2-30_th.jpg
p-2-31.pdf,/objects/p-2-31.pdf,/objects/small/p-2-31_sm.jpg,/objects/thumbs/p-2-31_th.jpg
